TRANSACTION_ID,TRANSACTION_VALUE,TRANSACTION_TYPE,BRANCH_CODE,CUST_SSN,TIMEID,CUST_CC_NO
1,78.90,Education,114,123459988,20180214,4210653349028689
2,14.24,Entertainment,35,123459988,20180320,4210653349028689
3,56.70,Grocery,160,123459988,20180708,4210653349028689
4,59.73,Entertainment,114,123459988,20180419,4210653349028689
5,3.59,Gas,93,123459988,20181010,4210653349028689
6,6.89,Education,164,123459988,20180528,4210653349028689
7,43.39,Entertainment,119,123459988,20180519,4210653349028689
8,95.39,Gas,23,123459988,20180808,4210653349028689
9,93.26,Entertainment,166,123459988,20180318,4210653349028689
10,100.38,Bills,83,123459988,20180903,4210653349028689
11,98.75,Gas,52,123459988,20180821,4210653349028689
12,42.71,Gas,17,123459988,20181224,4210653349028689
13,40.24,Grocery,80,123459988,20180403,4210653349028689
14,17.81,Bills,50,123459988,20180415,4210653349028689
15,29.00,Bills,123,123459988,20180517,4210653349028689
16,70.63,Test,9,123459988,20180706,4210653349028689
17,27.04,Test,3,123459988,20180928,4210653349028689
18,88.75,Entertainment,135,123459988,20180704,4210653349028689
19,77.02,Test,103,123459988,20180424,4210653349028689
20,34.34,Bills,78,123459988,20181008,4210653349028689
21,10.56,Education,156,123459988,20181023,4210653349028689
22,6.70,Education,20,123459988,20180813,4210653349028689
23,7.97,Bills,44,123459988,20180317,4210653349028689
24,32.81,Test,54,123459988,20180511,4210653349028689
25,35.02,Entertainment,119,123459988,20180303,4210653349028689
26,86.30,Test,121,123459988,20180511,4210653349028689
27,82.05,Test,19,123459988,20181214,4210653349028689
28,98.78,Healthcare,43,123459988,20180806,4210653349028689
29,9.49,Grocery,7,123459988,20181014,4210653349028689
30,17.03,Gas,29,123459988,20181204,4210653349028689
31,54.49,Grocery,123,123459988,20181024,4210653349028689
32,13.34,Education,66,123459988,20181212,4210653349028689
33,24.37,Healthcare,117,123459988,20181020,4210653349028689
34,53.03,Entertainment,72,123459988,20181109,4210653349028689
35,96.55,Test,95,123459988,20180909,4210653349028689
36,62.82,Education,32,123459988,20180928,4210653349028689
37,73.99,Education,104,123459988,20180412,4210653349028689
38,63.08,Education,158,123459988,20180906,4210653349028689
39,46.84,Entertainment,70,123459988,20181005,4210653349028689
40,96.29,Entertainment,69,123459988,20180116,4210653349028689
41,25.01,Education,26,123459988,20180307,4210653349028689
42,30.95,Bills,27,123459988,20181120,4210653349028689
43,83.33,Gas,79,123459988,20180604,4210653349028689
44,79.91,Healthcare,36,123459988,20181113,4210653349028689
45,20.81,Healthcare,124,123459988,20180908,4210653349028689
46,4.95,Bills,104,123459988,20180121,4210653349028689
47,41.62,Grocery,50,123459988,20180428,4210653349028689
48,3.79,Education,20,123459988,20180512,4210653349028689
49,26.34,Healthcare,69,123459988,20180826,4210653349028689
50,53.49,Entertainment,76,123459988,20180102,4210653349028689
51,73.45,Gas,93,123459988,20180304,4210653349028689
52,15.89,Entertainment,80,123459988,20181209,4210653349028689
53,16.99,Grocery,43,123459988,20180414,4210653349028689
54,31.87,Healthcare,59,123459988,20180203,4210653349028689
55,30.58,Healthcare,158,123459988,20181221,4210653349028689
56,4.19,Grocery,27,123459988,20180111,4210653349028689
57,1.32,Bills,126,123459988,20181127,4210653349028689
58,13.72,Bills,59,123459988,20180809,4210653349028689
59,45.55,Healthcare,156,123459988,20180316,4210653349028689
60,72.17,Entertainment,74,123459988,20180624,4210653349028689
61,84.13,Gas,70,123459988,20180922,4210653349028689
62,51.91,Test,123,123459988,20180320,4210653349028689
63,43.08,Education,121,123459988,20181222,4210653349028689
64,89.81,Healthcare,60,123459988,20180918,4210653349028689
65,56.84,Grocery,31,123459988,20180125,4210653349028689
66,82.11,Education,63,123459988,20180811,4210653349028689
67,35.29,Gas,63,123459988,20181025,4210653349028689
68,46.53,Entertainment,27,123459988,20180215,4210653349028689
69,93.20,Test,31,123459988,20180607,4210653349028689
70,61.40,Grocery,139,123459988,20180427,4210653349028689
71,87.58,Bills,9,123459988,20180612,4210653349028689
72,8.08,Education,48,123459988,20180717,4210653349028689
73,92.84,Entertainment,145,123459988,20180307,4210653349028689
74,45.93,Bills,144,123459988,20180327,4210653349028689
75,38.07,Gas,42,123459988,20181218,4210653349028689
76,51.93,Gas,49,123459988,20180316,4210653349028689
77,53.03,Bills,1,123459988,20181128,4210653349028689
78,31.89,Education,73,123459988,20180414,4210653349028689
79,66.48,Gas,53,123459988,20180613,4210653349028689
80,92.47,Education,43,123459988,20181025,4210653349028689
81,81.40,Entertainment,99,123459988,20180315,4210653349028689
82,97.98,Healthcare,89,123459988,20180224,4210653349028689
83,55.40,Bills,17,123459988,20180304,4210653349028689
84,70.25,Bills,79,123459988,20180925,4210653349028689
85,60.90,Healthcare,32,123459988,20181111,4210653349028689
86,7.62,Bills,109,123459988,20181105,4210653349028689
87,12.43,Test,175,123459988,20180206,4210653349028689
88,17.12,Test,175,123459988,20180825,4210653349028689
89,57.52,Grocery,118,123459988,20180712,4210653349028689
90,91.20,Education,11,123459988,20180202,4210653349028689
91,97.64,Entertainment,59,123459988,20180901,4210653349028689
92,58.25,Education,66,123459988,20180803,4210653349028689
93,41.06,Gas,99,123459988,20180702,4210653349028689
94,72.72,Bills,50,123459988,20180709,4210653349028689
95,77.17,Entertainment,117,123459978,20180708,4210653399308769
96,49.14,Gas,121,123459978,20181021,4210653399308769
97,81.60,Entertainment,117,123459978,20180713,4210653399308769
98,22.75,Entertainment,9,123459978,20181206,4210653399308769
99,56.52,Grocery,59,123459978,20180301,4210653399308769
100,24.05,Education,117,123459978,20180817,4210653399308769
101,66.05,Healthcare,57,123459978,20180820,4210653399308769
102,42.37,Education,192,123459978,20180903,4210653399308769
103,96.44,Grocery,11,123459978,20180113,4210653399308769
104,74.83,Healthcare,75,123459978,20180904,4210653399308769
105,25.97,Entertainment,103,123459978,20181105,4210653399308769
106,72.36,Education,31,123459978,20180825,4210653399308769
107,98.85,Test,25,123459978,20180802,4210653399308769
108,4.36,Grocery,10,123459978,20180707,4210653399308769
109,66.60,Test,107,123459978,20180513,4210653399308769
110,1.76,Education,24,123459978,20180321,4210653399308769
111,44.41,Grocery,57,123459978,20180507,4210653399308769
112,85.53,Gas,44,123459978,20180306,4210653399308769
113,89.90,Healthcare,80,123459978,20181113,4210653399308769
114,53.75,Healthcare,81,123459978,20181004,4210653399308769
115,30.87,Test,91,123459978,20180213,4210653399308769
116,86.53,Healthcare,79,123459978,20180210,4210653399308769
117,72.06,Healthcare,81,123459978,20180813,4210653399308769
118,21.96,Bills,166,123459978,20181216,4210653399308769
119,49.98,Entertainment,19,123459978,20181204,4210653399308769
120,13.91,Education,175,123459978,20180927,4210653399308769
121,9.05,Test,173,123459978,20181116,4210653399308769
122,40.33,Grocery,100,123459978,20180121,4210653399308769
123,14.72,Test,17,123459978,20180902,4210653399308769
124,95.30,Gas,178,123459978,20180914,4210653399308769
125,22.65,Entertainment,63,123459978,20180620,4210653399308769
126,100.28,Entertainment,156,123459978,20180211,4210653399308769
127,54.19,Gas,44,123459978,20181026,4210653399308769
128,100.57,Grocery,42,123459978,20181207,4210653399308769
129,10.84,Gas,175,123459978,20181001,4210653399308769
130,3.03,Entertainment,58,123459978,20180411,4210653399308769
131,27.58,Test,114,123459978,20180323,4210653399308769
132,37.92,Bills,90,123459978,20180915,4210653399308769
133,77.05,Bills,5,123459978,20180105,4210653399308769
134,26.17,Bills,51,123459978,20180227,4210653399308769
135,73.36,Education,51,123459978,20180925,4210653399308769
136,69.05,Gas,18,123459978,20181122,4210653399308769
137,27.95,Test,35,123459978,20180701,4210653399308769
138,87.69,Education,46,123459978,20180703,4210653399308769
139,74.48,Grocery,11,123459978,20180525,4210653399308769
140,98.23,Healthcare,136,123459978,20180708,4210653399308769
141,37.06,Education,9,123459978,20180317,4210653399308769
142,92.55,Healthcare,131,123459978,20180516,4210653399308769
143,11.63,Gas,115,123459978,20181020,4210653399308769
144,80.80,Grocery,72,123459978,20180825,4210653399308769
145,83.47,Healthcare,178,123459978,20180123,4210653399308769
146,60.61,Grocery,115,123459978,20181114,4210653399308769
147,40.94,Gas,48,123459978,20180118,4210653399308769
148,66.69,Bills,76,123459978,20180906,4210653399308769
149,29.07,Entertainment,164,123459978,20180309,4210653399308769
150,63.66,Gas,72,123459978,20180723,4210653399308769
151,65.14,Test,119,123459978,20180121,4210653399308769
152,63.69,Healthcare,78,123459968,20180611,4210653315516879
153,58.51,Bills,104,123459968,20180114,4210653315516879
154,98.02,Grocery,36,123459968,20181018,4210653315516879
155,28.39,Bills,139,123459968,20180417,4210653315516879
156,90.94,Test,170,123459968,20180626,4210653315516879
157,70.18,Entertainment,111,123459968,20180406,4210653315516879
158,71.32,Test,10,123459968,20180508,4210653315516879
159,83.39,Test,79,123459968,20180425,4210653315516879
160,76.76,Gas,28,123459968,20180906,4210653315516879
161,90.79,Test,24,123459968,20180909,4210653315516879
162,3.27,Healthcare,11,123459968,20180421,4210653315516879
163,20.38,Gas,78,123459968,20181017,4210653315516879
164,42.15,Grocery,119,123459968,20180802,4210653315516879
165,30.78,Education,49,123459968,20181107,4210653315516879
166,96.29,Gas,40,123459968,20181209,4210653315516879
167,30.16,Test,99,123459968,20180823,4210653315516879
168,9.19,Bills,22,123459968,20180616,4210653315516879
169,59.95,Healthcare,125,123459965,20180611,4210653349448599
170,30.82,Healthcare,170,123459965,20181111,4210653349448599
171,73.50,Gas,35,123459965,20180605,4210653349448599
172,17.32,Healthcare,49,123459965,20180411,4210653349448599
173,13.76,Bills,17,123459965,20180619,4210653349448599
174,54.41,Bills,139,123459965,20180809,4210653349448599
175,46.40,Healthcare,156,123459965,20180412,4210653349448599
176,70.89,Entertainment,12,123459965,20180414,4210653349448599
177,65.53,Gas,100,123459965,20180525,4210653349448599
178,52.83,Test,39,123459965,20181007,4210653349448599
179,40.30,Test,59,123459965,20180107,4210653349448599
180,25.99,Education,175,123459965,20180911,4210653349448599
181,44.57,Grocery,118,123459965,20180410,4210653349448599
182,90.23,Entertainment,121,123459965,20180504,4210653349448599
183,26.40,Test,89,123459965,20180522,4210653349448599
184,48.82,Healthcare,173,123459965,20181115,4210653349448599
185,41.02,Entertainment,70,123459965,20181004,4210653349448599
186,32.04,Grocery,175,123459965,20180208,4210653349448599
187,81.46,Gas,74,123459965,20181125,4210653349448599
188,30.59,Gas,20,123459965,20180613,4210653349448599
189,97.35,Gas,43,123459965,20180926,4210653349448599
190,77.06,Healthcare,10,123459965,20180612,4210653349448599
191,14.85,Gas,15,123459965,20180806,4210653349448599
192,40.63,Education,38,123459965,20180914,4210653349448599
193,81.31,Gas,24,123459965,20180324,4210653349448599
194,57.54,Bills,52,123459965,20180423,4210653349448599
195,33.48,Education,76,123459965,20181116,4210653349448599
196,29.15,Healthcare,20,123459965,20180814,4210653349448599
197,41.36,Gas,107,123459965,20180809,4210653349448599
198,63.10,Test,188,123459965,20180802,4210653349448599
199,29.44,Grocery,100,123459965,20180115,4210653349448599
200,31.62,Gas,158,123459965,20180106,4210653349448599
201,12.03,Bills,95,123459965,20180626,4210653349448599
202,75.53,Gas,24,123459965,20181214,4210653349448599
203,27.10,Test,93,123459965,20180726,4210653349448599
204,99.18,Bills,45,123459965,20180614,4210653349448599
205,13.01,Entertainment,72,123459965,20180325,4210653349448599
206,71.06,Entertainment,31,123459965,20180720,4210653349448599
207,19.86,Grocery,37,123459965,20180416,4210653349448599
208,15.58,Bills,24,123459965,20181210,4210653349448599
209,35.02,Gas,139,123459965,20180501,4210653349448599
210,41.56,Healthcare,19,123459965,20181024,4210653349448599
211,77.53,Bills,78,123459965,20180403,4210653349448599
212,53.82,Gas,66,123459965,20180327,4210653349448599
213,67.70,Entertainment,72,123459965,20180417,4210653349448599
214,6.72,Entertainment,160,123459940,20180605,4210653315577947
215,63.57,Education,42,123459940,20180107,4210653315577947
216,25.98,Healthcare,40,123459940,20180425,4210653315577947
217,36.30,Gas,5,123459918,20180805,4210653312528499
218,21.56,Bills,158,123459918,20180325,4210653312528499
219,27.89,Education,5,123459918,20180116,4210653312528499
220,64.48,Healthcare,118,123459918,20181009,4210653312528499
221,100.76,Gas,74,123459918,20180108,4210653312528499
222,2.53,Education,40,123459918,20180218,4210653312528499
223,10.72,Education,149,123459918,20180703,4210653312528499
224,17.85,Gas,81,123459918,20180608,4210653312528499
225,36.95,Entertainment,19,123459918,20180910,4210653312528499
226,79.42,Test,57,123459918,20180628,4210653312528499
227,21.76,Education,27,123459918,20180916,4210653312528499
228,15.29,Test,49,123459918,20180719,4210653312528499
229,36.66,Education,76,123459918,20181210,4210653312528499
230,8.63,Healthcare,79,123459918,20181002,4210653312528499
231,9.92,Grocery,2,123459918,20180513,4210653312528499
232,71.75,Healthcare,135,123459918,20180128,4210653312528499
233,42.62,Bills,158,123459918,20180728,4210653312528499
234,58.16,Gas,131,123459918,20180112,4210653312528499
235,69.94,Gas,103,123459918,20180208,4210653312528499
236,16.68,Test,12,123459918,20180517,4210653312528499
237,30.40,Test,80,123459918,20181222,4210653312528499
238,80.81,Entertainment,45,123459918,20181118,4210653312528499
239,58.78,Education,1,123459918,20181126,4210653312528499
240,83.25,Education,100,123459918,20180801,4210653312528499
241,97.12,Test,192,123459918,20181202,4210653312528499
242,45.27,Entertainment,8,123459918,20181115,4210653312528499
243,99.59,Test,139,123459918,20181208,4210653312528499
244,73.66,Education,79,123459918,20180406,4210653312528499
245,6.52,Bills,69,123459918,20181221,4210653312528499
246,5.49,Bills,1,123459918,20180404,4210653312528499
247,86.57,Healthcare,9,123459918,20180606,4210653312528499
248,82.65,Education,36,123459918,20180707,4210653312528499
249,56.21,Grocery,25,123459918,20180524,4210653312528499
250,94.14,Healthcare,104,123459918,20181024,4210653312528499
251,6.90,Education,21,123459918,20180217,4210653312528499
252,32.28,Grocery,54,123459918,20180221,4210653312528499
253,61.93,Bills,14,123459918,20180822,4210653312528499
254,17.76,Bills,29,123459918,20180919,4210653312528499
255,32.44,Test,2,123459918,20180115,4210653312528499
256,95.21,Bills,5,123459918,20181018,4210653312528499
257,29.40,Bills,19,123459918,20180807,4210653312528499
258,83.43,Education,166,123459918,20180725,4210653312528499
259,11.40,Bills,46,123459918,20180114,4210653312528499
260,33.08,Education,24,123459918,20181222,4210653312528499
261,94.41,Healthcare,4,123459918,20181116,4210653312528499
262,2.73,Entertainment,149,123459918,20180602,4210653312528499
263,71.70,Education,27,123459918,20181211,4210653312528499
264,72.88,Test,29,123459918,20180424,4210653312528499
265,64.29,Healthcare,60,123459918,20180612,4210653312528499
266,51.08,Grocery,149,123459918,20181127,4210653312528499
267,48.62,Test,11,123459918,20180528,4210653312528499
268,41.56,Bills,67,123459918,20180514,4210653312528499
269,3.49,Entertainment,53,123459918,20180113,4210653312528499
270,95.15,Bills,75,123459916,20180128,4210653313003223
271,35.23,Education,67,123459916,20180222,4210653313003223
272,66.16,Healthcare,7,123459916,20180921,4210653313003223
273,58.38,Grocery,70,123459916,20180605,4210653313003223
274,24.28,Healthcare,57,123459916,20181109,4210653313003223
275,74.43,Bills,89,123459916,20180516,4210653313003223
276,30.12,Test,69,123459916,20181111,4210653313003223
277,78.38,Healthcare,46,123459916,20180217,4210653313003223
278,72.42,Entertainment,52,123459916,20180103,4210653313003223
279,53.00,Healthcare,47,123459916,20180310,4210653313003223
280,63.95,Bills,107,123459916,20180806,4210653313003223
281,36.30,Grocery,17,123459916,20181103,4210653313003223
282,67.60,Grocery,125,123459916,20181204,4210653313003223
283,17.48,Grocery,74,123459916,20181019,4210653313003223
284,83.26,Entertainment,49,123459916,20180521,4210653313003223
285,94.26,Gas,105,123459916,20180222,4210653313003223
286,26.24,Test,28,123459916,20180519,4210653313003223
287,25.03,Gas,70,123459916,20180421,4210653313003223
288,85.51,Entertainment,103,123459916,20180706,4210653313003223
289,46.37,Education,156,123459916,20180114,4210653313003223
290,85.55,Entertainment,74,123459916,20180222,4210653313003223
291,67.30,Bills,36,123459916,20180821,4210653313003223
292,68.89,Entertainment,58,123459916,20180602,4210653313003223
293,78.80,Test,37,123459916,20180917,4210653313003223
294,66.15,Healthcare,56,123459916,20180927,4210653313003223
295,1.62,Education,109,123459916,20180816,4210653313003223
296,1.79,Healthcare,123,123459916,20180624,4210653313003223
297,33.13,Gas,2,123459916,20180320,4210653313003223
298,81.87,Bills,5,123459916,20180220,4210653313003223
299,96.17,Healthcare,125,123459916,20180808,4210653313003223
300,5.42,Gas,103,123459916,20180915,4210653313003223
301,7.66,Grocery,38,123459916,20180521,4210653313003223
302,63.16,Entertainment,11,123459916,20180322,4210653313003223
303,15.77,Entertainment,135,123459916,20181126,4210653313003223
304,17.72,Grocery,35,123459916,20180621,4210653313003223
305,52.03,Education,149,123459916,20181009,4210653313003223
306,67.38,Test,46,123459916,20180701,4210653313003223
307,23.12,Bills,149,123459916,20180215,4210653313003223
308,22.15,Bills,104,123459916,20180417,4210653313003223
309,72.53,Bills,168,123459916,20180716,4210653313003223
310,13.61,Gas,139,123459916,20180602,4210653313003223
311,99.43,Healthcare,52,123459916,20180126,4210653313003223
312,2.62,Test,59,123459916,20181025,4210653313003223
313,41.68,Test,79,123459916,20180707,4210653313003223
314,53.16,Entertainment,35,123459916,20180202,4210653313003223
315,96.89,Grocery,175,123459916,20180924,4210653313003223
316,95.49,Education,139,123459916,20180213,4210653313003223
317,57.79,Grocery,24,123459916,20181108,4210653313003223
318,87.12,Education,145,123459916,20181118,4210653313003223
319,30.90,Entertainment,145,123459916,20180104,4210653313003223
320,50.91,Grocery,136,123459916,20180616,4210653313003223
321,9.69,Test,85,123459916,20181227,4210653313003223
322,57.53,Entertainment,39,123459916,20180228,4210653313003223
323,57.17,Entertainment,93,123459916,20180808,4210653313003223
324,43.09,Grocery,58,123459916,20180510,4210653313003223
325,20.26,Test,117,123459916,20180305,4210653313003223
326,91.25,Education,15,123459916,20180906,4210653313003223
327,55.72,Education,117,123459916,20180728,4210653313003223
328,18.67,Grocery,46,123459916,20181024,4210653313003223
329,92.24,Test,105,123459916,20180109,4210653313003223
330,17.37,Gas,156,123459916,20181018,4210653313003223
331,25.26,Test,26,123459916,20180206,4210653313003223
332,3.99,Bills,3,123459916,20180110,4210653313003223
333,18.68,Healthcare,90,123459916,20180910,4210653313003223
334,19.07,Gas,38,123459916,20180310,4210653313003223
335,94.89,Education,58,123459916,20180717,4210653313003223
336,87.27,Gas,93,123459916,20180201,4210653313003223
337,1.95,Healthcare,99,123459916,20180907,4210653313003223
338,88.96,Bills,18,123459915,20181202,4210653392204248
339,3.37,Bills,145,123459915,20181020,4210653392204248
340,32.47,Bills,95,123459915,20180814,4210653392204248
341,92.76,Education,37,123459915,20180418,4210653392204248
342,96.47,Entertainment,5,123459915,20180516,4210653392204248
343,65.09,Gas,79,123459915,20180708,4210653392204248
344,36.80,Bills,58,123459915,20180421,4210653392204248
345,81.60,Entertainment,178,123459915,20180228,4210653392204248
346,28.96,Healthcare,118,123459915,20180314,4210653392204248
347,27.26,Bills,40,123459915,20181004,4210653392204248
348,54.85,Healthcare,99,123459915,20180524,4210653392204248
349,85.88,Gas,144,123459915,20180509,4210653392204248
350,45.23,Entertainment,117,123459915,20181111,4210653392204248
351,17.12,Gas,123,123459915,20180819,4210653392204248
352,9.81,Bills,100,123459915,20180717,4210653392204248
353,19.19,Gas,67,123459915,20180121,4210653392204248
354,72.25,Bills,90,123459915,20180308,4210653392204248
355,74.71,Test,121,123459915,20180522,4210653392204248
356,11.98,Education,115,123459915,20180901,4210653392204248
357,40.70,Entertainment,59,123459915,20180625,4210653392204248
358,43.11,Bills,178,123459915,20180902,4210653392204248
359,48.36,Test,24,123459915,20180807,4210653392204248
360,60.58,Healthcare,164,123459915,20180804,4210653392204248
361,83.22,Education,131,123459915,20180308,4210653392204248
362,98.61,Bills,149,123459915,20180128,4210653392204248
363,18.81,Healthcare,109,123459915,20180211,4210653392204248
364,43.00,Grocery,149,123459915,20181127,4210653392204248
365,32.72,Education,145,123459915,20180912,4210653392204248
366,97.18,Entertainment,46,123459915,20181023,4210653392204248
367,48.04,Education,66,123459915,20180215,4210653392204248
368,31.34,Test,99,123459915,20180418,4210653392204248
369,27.88,Test,67,123459915,20180518,4210653392204248
370,58.93,Bills,81,123459915,20180301,4210653392204248
371,27.73,Bills,16,123459915,20180119,4210653392204248
372,39.21,Gas,81,123459915,20180114,4210653392204248
373,26.48,Education,35,123459915,20180218,4210653392204248
374,19.88,Bills,139,123459915,20180310,4210653392204248
375,65.03,Bills,47,123459915,20181209,4210653392204248
376,2.99,Grocery,27,123459915,20180408,4210653392204248
377,39.69,Education,28,123459915,20180325,4210653392204248
378,42.26,Test,1,123459915,20180118,4210653392204248
379,86.83,Gas,60,123459915,20181209,4210653392204248
380,3.08,Bills,144,123459915,20180411,4210653392204248
381,51.01,Grocery,69,123459915,20180307,4210653392204248
382,86.34,Bills,25,123459915,20180620,4210653392204248
383,10.43,Grocery,145,123459915,20180216,4210653392204248
384,25.48,Entertainment,12,123459915,20180327,4210653392204248
385,94.33,Gas,85,123459915,20180128,4210653392204248
386,82.92,Bills,57,123459915,20180306,4210653392204248
387,40.42,Education,43,123459915,20180608,4210653392204248
388,71.24,Healthcare,12,123459915,20181201,4210653392204248
389,43.50,Healthcare,75,123459909,20180303,4210653313825914
390,36.20,Test,83,123459909,20180304,4210653313825914
391,6.65,Gas,1,123459909,20181005,4210653313825914
392,44.27,Gas,180,123459909,20181010,4210653313825914
393,14.34,Entertainment,90,123459909,20181119,4210653313825914
394,71.29,Bills,19,123459909,20180203,4210653313825914
395,52.28,Grocery,2,123459909,20180921,4210653313825914
396,78.44,Entertainment,57,123459909,20180614,4210653313825914
397,29.61,Bills,60,123459909,20180923,4210653313825914
398,51.60,Bills,188,123459909,20181204,4210653313825914
399,3.60,Bills,17,123459909,20180304,4210653313825914
400,50.32,Education,31,123459909,20180421,4210653313825914
401,79.40,Gas,57,123459909,20180407,4210653313825914
402,45.47,Entertainment,17,123459909,20180623,4210653313825914
403,99.60,Education,93,123459909,20180226,4210653313825914
404,67.98,Grocery,166,123459909,20181123,4210653313825914
405,38.13,Healthcare,70,123459909,20181213,4210653313825914
406,96.88,Test,23,123459909,20180505,4210653313825914
407,83.56,Healthcare,175,123459909,20180922,4210653313825914
408,70.63,Healthcare,125,123459909,20181212,4210653313825914
409,7.18,Bills,4,123459909,20180201,4210653313825914
410,74.71,Bills,7,123459909,20181107,4210653313825914
411,87.59,Grocery,80,123459909,20180220,4210653313825914
412,21.04,Education,126,123459909,20180223,4210653313825914
413,15.39,Entertainment,44,123459909,20180306,4210653313825914
414,99.23,Grocery,72,123459909,20180628,4210653313825914
415,39.94,Education,79,123459909,20180414,4210653313825914
416,35.42,Grocery,48,123459909,20180627,4210653313825914
417,44.62,Education,105,123459909,20180926,4210653313825914
418,71.90,Bills,8,123459909,20181021,4210653313825914
419,37.44,Entertainment,32,123459909,20181110,4210653313825914
420,38.11,Grocery,80,123459909,20180304,4210653313825914
421,96.09,Bills,158,123459909,20180719,4210653313825914
422,64.97,Gas,73,123459909,20181206,4210653313825914
423,62.51,Education,16,123459909,20181209,4210653313825914
424,68.89,Grocery,173,123459909,20180713,4210653313825914
425,62.71,Grocery,46,123459909,20180904,4210653313825914
426,37.56,Test,56,123459909,20180620,4210653313825914
427,74.76,Bills,26,123459909,20180327,4210653313825914
428,55.37,Gas,76,123459909,20180505,4210653313825914
429,1.95,Gas,17,123459909,20180309,4210653313825914
430,7.20,Grocery,85,123459909,20180727,4210653313825914
431,2.03,Entertainment,124,123459909,20180401,4210653313825914
432,31.66,Gas,119,123459909,20181009,4210653313825914
433,35.72,Bills,149,123459909,20180424,4210653313825914
434,77.06,Grocery,60,123459909,20181125,4210653313825914
435,4.27,Gas,115,123459909,20180528,4210653313825914
436,19.42,Entertainment,18,123459909,20181124,4210653313825914
437,88.87,Bills,80,123459909,20181118,4210653313825914
438,86.04,Entertainment,57,123459909,20180608,4210653313825914
439,96.74,Bills,36,123459909,20181127,4210653313825914
440,38.16,Grocery,100,123459909,20180321,4210653313825914
441,68.79,Bills,81,123459909,20180111,4210653313825914
442,71.45,Test,24,123459909,20180921,4210653313825914
443,49.00,Grocery,50,123459909,20181001,4210653313825914
444,68.65,Education,131,123459909,20181108,4210653313825914
445,54.61,Bills,73,123459909,20181228,4210653313825914
446,57.75,Healthcare,126,123459909,20180910,4210653313825914
447,92.66,Bills,16,123459909,20180516,4210653313825914
448,59.65,Education,19,123459909,20180624,4210653313825914
449,74.02,Gas,175,123459909,20180808,4210653313825914
450,49.05,Entertainment,7,123459909,20181119,4210653313825914
451,55.51,Grocery,131,123459909,20181009,4210653313825914
452,30.89,Test,67,123459909,20180310,4210653313825914
453,59.99,Bills,43,123459909,20181211,4210653313825914
454,12.94,Test,90,123459909,20180222,4210653313825914
455,52.58,Grocery,74,123459909,20180608,4210653313825914
456,62.28,Entertainment,24,123459909,20180711,4210653313825914
457,64.53,Bills,117,123459909,20180227,4210653313825914
458,59.64,Entertainment,168,123459909,20180702,4210653313825914
459,58.00,Grocery,117,123459909,20180308,4210653313825914
460,84.38,Entertainment,73,123459909,20180912,4210653313825914
461,44.12,Gas,49,123459900,20180618,4210653373379288
462,18.57,Education,67,123459900,20180405,4210653373379288
463,33.91,Entertainment,7,123459900,20181121,4210653373379288
464,11.91,Grocery,51,123459900,20181124,4210653373379288
465,35.39,Grocery,95,123459900,20180115,4210653373379288
466,16.65,Grocery,10,123459900,20180908,4210653373379288
467,28.15,Test,15,123459894,20180424,4210653350230468
468,57.99,Bills,5,123459894,20180725,4210653350230468
469,27.73,Grocery,70,123459894,20181010,4210653350230468
470,3.94,Gas,22,123459894,20180719,4210653350230468
471,54.96,Grocery,164,123459894,20181020,4210653350230468
472,59.31,Education,32,123459894,20181128,4210653350230468
473,6.10,Healthcare,170,123459894,20180409,4210653350230468
474,78.32,Test,59,123459894,20180603,4210653350230468
475,51.81,Healthcare,75,123459894,20180103,4210653350230468
476,98.79,Bills,135,123459894,20181011,4210653350230468
477,7.39,Entertainment,100,123459894,20180219,4210653350230468
478,18.26,Grocery,46,123459894,20181111,4210653350230468
479,61.52,Education,123,123459894,20180923,4210653350230468
480,16.99,Test,164,123459894,20181014,4210653350230468
481,42.64,Test,89,123459894,20180513,4210653350230468
482,61.07,Bills,131,123459894,20180609,4210653350230468
483,86.24,Gas,131,123459894,20181021,4210653350230468
484,97.86,Grocery,79,123459894,20180618,4210653350230468
485,4.18,Education,170,123459894,20180126,4210653350230468
486,4.40,Gas,30,123459894,20181218,4210653350230468
487,37.78,Grocery,22,123459894,20180517,4210653350230468
488,82.13,Entertainment,166,123459894,20181213,4210653350230468
489,78.71,Education,46,123459894,20180320,4210653350230468
490,35.02,Test,67,123459894,20180416,4210653350230468
491,37.08,Test,114,123459894,20180903,4210653350230468
492,74.52,Test,58,123459894,20180301,4210653350230468
493,88.47,Gas,99,123459879,20180914,4210653317141342
494,3.30,Grocery,126,123459879,20181225,4210653317141342
495,30.11,Education,15,123459879,20180312,4210653317141342
496,70.52,Gas,57,123459879,20180512,4210653317141342
497,20.63,Healthcare,85,123459879,20180608,4210653317141342
498,78.68,Bills,15,123459879,20180204,4210653317141342
499,62.99,Test,89,123459879,20180119,4210653317141342
500,64.41,Bills,145,123459879,20181220,4210653317141342
501,12.33,Gas,75,123459879,20181005,4210653317141342
502,48.95,Entertainment,4,123459879,20180114,4210653317141342
503,99.05,Gas,121,123459879,20180819,4210653317141342
504,39.99,Gas,63,123459879,20181108,4210653317141342
505,27.45,Healthcare,158,123459879,20180102,4210653317141342
506,96.80,Education,111,123459879,20180310,4210653317141342
507,44.84,Grocery,118,123459879,20180514,4210653317141342
508,91.19,Gas,91,123459879,20181115,4210653317141342
509,91.22,Test,2,123459879,20181120,4210653317141342
510,50.57,Bills,75,123459879,20180406,4210653317141342
511,84.12,Grocery,26,123459879,20180123,4210653317141342
512,44.05,Test,29,123459879,20180213,4210653317141342
513,67.82,Healthcare,123,123459879,20181002,4210653317141342
514,7.39,Gas,9,123459879,20181226,4210653317141342
515,46.23,Grocery,37,123459879,20181214,4210653317141342
516,48.77,Grocery,53,123459879,20180127,4210653317141342
517,19.44,Entertainment,93,123459879,20180610,4210653317141342
518,75.34,Test,149,123459879,20180121,4210653317141342
519,84.69,Bills,105,123459879,20180515,4210653317141342
520,29.26,Healthcare,3,123459879,20180716,4210653317141342
521,51.01,Education,100,123459879,20180604,4210653317141342
522,69.91,Bills,121,123459879,20181124,4210653317141342
523,16.02,Bills,89,123459879,20180201,4210653317141342
524,66.20,Gas,11,123459879,20181110,4210653317141342
525,86.53,Healthcare,44,123459879,20180622,4210653317141342
526,82.46,Test,100,123459879,20180720,4210653317141342
527,27.91,Healthcare,81,123459879,20181123,4210653317141342
528,63.04,Education,19,123459879,20180501,4210653317141342
529,75.20,Healthcare,83,123459879,20180626,4210653317141342
530,15.29,Bills,8,123459879,20180317,4210653317141342
531,72.29,Entertainment,22,123459879,20180512,4210653317141342
532,23.73,Entertainment,8,123459879,20180417,4210653317141342
533,96.96,Healthcare,114,123459879,20180901,4210653317141342
534,86.38,Education,144,123459879,20180319,4210653317141342
535,35.26,Test,144,123459879,20180305,4210653317141342
536,83.98,Entertainment,107,123459879,20181105,4210653317141342
537,70.74,Grocery,8,123459879,20180428,4210653317141342
538,43.10,Entertainment,51,123459879,20181117,4210653317141342
539,73.24,Test,79,123459879,20180617,4210653317141342
540,4.20,Grocery,89,123459879,20180705,4210653317141342
541,70.38,Education,121,123459879,20180515,4210653317141342
542,39.72,Test,16,123459879,20181119,4210653317141342
543,91.18,Healthcare,91,123459879,20180804,4210653317141342
544,73.58,Education,121,123459879,20180425,4210653317141342
545,13.73,Healthcare,83,123459877,20180404,4210653389999800
546,40.24,Bills,46,123459877,20181011,4210653389999800
547,92.21,Test,156,123459877,20180108,4210653389999800
548,34.28,Bills,59,123459877,20180622,4210653389999800
549,11.63,Grocery,39,123459877,20180823,4210653389999800
550,91.33,Healthcare,50,123459877,20181004,4210653389999800
551,1.42,Gas,139,123459877,20180818,4210653389999800
552,34.64,Healthcare,119,123459877,20180407,4210653389999800
553,82.39,Gas,74,123459877,20180510,4210653389999800
554,6.15,Test,46,123459877,20180802,4210653389999800
555,45.92,Test,79,123459861,20180521,4210653381009367
556,20.83,Bills,35,123459861,20181125,4210653381009367
557,56.79,Entertainment,135,123459861,20180425,4210653381009367
558,88.81,Grocery,170,123459861,20180911,4210653381009367
559,61.69,Test,79,123459861,20180809,4210653381009367
560,31.33,Education,123,123459861,20180526,4210653381009367
561,46.53,Entertainment,17,123459861,20180828,4210653381009367
562,91.58,Gas,168,123459861,20180121,4210653381009367
563,19.22,Education,109,123459861,20180428,4210653381009367
564,98.76,Healthcare,3,123459861,20181115,4210653381009367
565,25.89,Healthcare,47,123459861,20180124,4210653381009367
566,27.59,Education,95,123459861,20180310,4210653381009367
567,47.59,Entertainment,63,123459861,20180523,4210653381009367
568,35.10,Education,126,123459861,20180514,4210653381009367
569,67.76,Bills,69,123459861,20180716,4210653381009367
570,29.20,Healthcare,24,123459861,20180111,4210653381009367
571,67.92,Bills,168,123459861,20181126,4210653381009367
572,63.10,Healthcare,77,123459861,20180420,4210653381009367
573,24.28,Healthcare,125,123459861,20180826,4210653381009367
574,37.41,Test,3,123459861,20180221,4210653381009367
575,82.52,Bills,42,123459861,20181228,4210653381009367
576,77.23,Education,48,123459861,20180425,4210653381009367
577,68.68,Grocery,29,123459861,20180116,4210653381009367
578,71.06,Gas,29,123459861,20180216,4210653381009367
579,10.84,Education,38,123459861,20180813,4210653381009367
580,24.46,Healthcare,14,123459861,20180214,4210653381009367
581,18.63,Education,67,123459861,20180328,4210653381009367
582,44.20,Bills,15,123459861,20181102,4210653381009367
583,41.01,Education,36,123459861,20180518,4210653381009367
584,58.80,Bills,8,123459861,20180621,4210653381009367
585,100.62,Gas,67,123459861,20180605,4210653381009367
586,34.88,Entertainment,124,123459861,20180718,4210653381009367
587,96.54,Grocery,19,123459852,20180901,4210653351613328
588,33.10,Healthcare,170,123459852,20180302,4210653351613328
589,18.29,Grocery,22,123459852,20181220,4210653351613328
590,28.08,Education,37,123459852,20180715,4210653351613328
591,42.72,Entertainment,118,123459852,20180715,4210653351613328
592,84.57,Bills,83,123459852,20181227,4210653351613328
593,76.30,Bills,37,123459852,20180402,4210653351613328
594,18.94,Gas,192,123459852,20181118,4210653351613328
595,19.63,Test,136,123459852,20180127,4210653351613328
596,73.69,Gas,69,123459852,20180919,4210653351613328
597,28.01,Test,14,123459852,20180121,4210653351613328
598,72.41,Test,31,123459852,20180405,4210653351613328
599,94.23,Bills,16,123459852,20180625,4210653351613328
600,40.81,Entertainment,63,123459852,20180606,4210653351613328
601,87.42,Healthcare,63,123459852,20181202,4210653351613328
602,14.29,Bills,11,123459852,20180801,4210653351613328
603,65.06,Education,126,123459852,20180721,4210653351613328
604,33.17,Grocery,9,123459852,20180106,4210653351613328
605,47.93,Education,104,123459852,20181014,4210653351613328
606,85.37,Entertainment,77,123459852,20180816,4210653351613328
607,44.87,Entertainment,121,123459852,20181203,4210653351613328
608,56.32,Bills,115,123459852,20180401,4210653351613328
609,61.22,Gas,66,123459852,20180218,4210653351613328
610,47.11,Entertainment,74,123459852,20181202,4210653351613328
611,46.17,Education,93,123459852,20180924,4210653351613328
612,34.85,Test,28,123459852,20180308,4210653351613328
613,3.30,Healthcare,118,123459852,20180222,4210653351613328
614,16.90,Healthcare,43,123459852,20180222,4210653351613328
615,1.62,Test,9,123459852,20180607,4210653351613328
616,46.44,Grocery,36,123459852,20180906,4210653351613328
617,81.07,Healthcare,79,123459852,20180122,4210653351613328
618,69.75,Healthcare,9,123459852,20180510,4210653351613328
619,13.04,Grocery,58,123459852,20181222,4210653351613328
620,24.13,Grocery,44,123459852,20180501,4210653351613328
621,24.66,Test,107,123459852,20180909,4210653351613328
622,78.71,Test,78,123459852,20180121,4210653351613328
623,11.23,Bills,58,123459852,20180209,4210653351613328
624,3.08,Bills,73,123459852,20181220,4210653351613328
625,74.69,Healthcare,93,123459852,20180915,4210653351613328
626,54.44,Education,18,123459852,20181123,4210653351613328
627,24.23,Entertainment,28,123459852,20180402,4210653351613328
628,14.10,Education,26,123459852,20180727,4210653351613328
629,10.44,Healthcare,109,123459852,20180905,4210653351613328
630,4.54,Entertainment,43,123459852,20180703,4210653351613328
631,36.50,Grocery,78,123459852,20180601,4210653351613328
632,57.82,Bills,107,123459852,20181118,4210653351613328
633,51.91,Education,111,123459843,20180922,4210653334160207
634,34.31,Healthcare,42,123459843,20180407,4210653334160207
635,26.70,Education,188,123459843,20181215,4210653334160207
636,71.93,Entertainment,39,123459843,20180304,4210653334160207
637,71.30,Test,19,123459843,20180220,4210653334160207
638,27.76,Bills,36,123459843,20180316,4210653334160207
639,77.68,Healthcare,54,123459843,20180624,4210653334160207
640,35.05,Education,36,123459843,20180503,4210653334160207
641,76.94,Healthcare,89,123459843,20180328,4210653334160207
642,3.15,Bills,60,123459843,20180421,4210653334160207
643,18.63,Healthcare,3,123459843,20180404,4210653334160207
644,41.16,Gas,117,123459843,20180222,4210653334160207
645,96.52,Bills,9,123459843,20180516,4210653334160207
646,40.36,Bills,43,123459843,20180227,4210653334160207
647,33.59,Bills,24,123459843,20181007,4210653334160207
648,82.99,Gas,26,123459843,20180624,4210653334160207
649,85.14,Gas,26,123459843,20180706,4210653334160207
650,26.45,Grocery,125,123459843,20180917,4210653334160207
651,48.49,Education,42,123459843,20181021,4210653334160207
652,98.50,Education,57,123459843,20181215,4210653334160207
653,37.32,Gas,29,123459843,20180228,4210653334160207
654,41.87,Entertainment,1,123459843,20180917,4210653334160207
655,6.18,Healthcare,89,123459843,20180812,4210653334160207
656,68.34,Education,27,123459843,20180306,4210653334160207
657,47.69,Test,126,123459843,20180915,4210653334160207
658,43.55,Grocery,12,123459843,20180219,4210653334160207
659,96.01,Healthcare,49,123459839,20180712,4210653348535033
660,8.98,Grocery,29,123459839,20181128,4210653348535033
661,98.41,Grocery,39,123459839,20181023,4210653348535033
662,85.99,Healthcare,93,123459839,20180902,4210653348535033
663,28.30,Education,15,123459839,20181017,4210653348535033
664,43.90,Bills,192,123459839,20180803,4210653348535033
665,89.33,Entertainment,4,123459839,20180105,4210653348535033
666,50.12,Education,15,123459839,20180211,4210653348535033
667,76.72,Grocery,1,123459839,20180904,4210653348535033
668,95.83,Grocery,3,123459839,20180501,4210653348535033
669,8.75,Healthcare,58,123459839,20181202,4210653348535033
670,29.80,Entertainment,16,123459839,20180923,4210653348535033
671,27.11,Entertainment,173,123459839,20181112,4210653348535033
672,81.00,Healthcare,90,123459839,20180807,4210653348535033
673,61.85,Entertainment,32,123459839,20180119,4210653348535033
674,28.59,Grocery,24,123459839,20181205,4210653348535033
675,95.06,Bills,31,123459839,20180114,4210653348535033
676,19.07,Bills,12,123459839,20180118,4210653348535033
677,74.42,Test,164,123459839,20180705,4210653348535033
678,10.34,Education,91,123459839,20180825,4210653348535033
679,93.77,Grocery,40,123459839,20180614,4210653348535033
680,62.79,Healthcare,114,123459839,20180517,4210653348535033
681,15.21,Gas,14,123459839,20180701,4210653348535033
682,10.59,Education,111,123459839,20180222,4210653348535033
683,31.78,Test,78,123459839,20180910,4210653348535033
684,66.16,Healthcare,103,123459839,20180714,4210653348535033
685,52.99,Healthcare,38,123459839,20180207,4210653348535033
686,66.01,Healthcare,7,123459839,20180904,4210653348535033
687,41.01,Gas,22,123459839,20180808,4210653348535033
688,52.20,Bills,114,123459839,20180703,4210653348535033
689,92.49,Bills,20,123459839,20181008,4210653348535033
690,73.65,Education,144,123459839,20180423,4210653348535033
691,49.78,Bills,81,123459839,20180223,4210653348535033
692,19.16,Healthcare,23,123459839,20180805,4210653348535033
693,14.15,Healthcare,72,123459839,20181013,4210653348535033
694,3.27,Gas,149,123459839,20180624,4210653348535033
695,49.73,Grocery,10,123459839,20180214,4210653348535033
696,59.42,Grocery,123,123459839,20180408,4210653348535033
697,69.52,Bills,27,123459839,20180402,4210653348535033
698,24.03,Entertainment,1,123459839,20180626,4210653348535033
699,44.07,Gas,85,123459839,20180722,4210653348535033
700,25.57,Bills,48,123459839,20181222,4210653348535033
701,25.65,Bills,39,123459839,20180713,4210653348535033
702,40.39,Test,139,123459839,20180224,4210653348535033
703,10.69,Healthcare,72,123459839,20180205,4210653348535033
704,40.19,Healthcare,91,123459839,20180724,4210653348535033
705,18.10,Entertainment,43,123459839,20180718,4210653348535033
706,81.03,Bills,79,123459839,20181225,4210653348535033
707,17.08,Entertainment,5,123459839,20181123,4210653348535033
708,53.93,Bills,7,123459839,20180123,4210653348535033
709,43.78,Bills,73,123459839,20180615,4210653348535033
710,20.86,Bills,99,123459839,20180810,4210653348535033
711,26.83,Entertainment,139,123459839,20181220,4210653348535033
712,91.61,Grocery,93,123459839,20180608,4210653348535033
713,30.14,Healthcare,85,123459833,20180413,4210653354321803
714,8.76,Bills,114,123459833,20180403,4210653354321803
715,12.72,Grocery,39,123459833,20180202,4210653354321803
716,88.57,Education,7,123459833,20180216,4210653354321803
717,27.82,Gas,72,123459833,20181001,4210653354321803
718,70.84,Education,23,123459833,20180818,4210653354321803
719,47.85,Healthcare,60,123459833,20180922,4210653354321803
720,6.91,Healthcare,11,123459833,20180612,4210653354321803
721,9.72,Healthcare,29,123459833,20180708,4210653354321803
722,75.38,Bills,57,123459833,20180914,4210653354321803
723,21.05,Test,11,123459833,20180811,4210653354321803
724,62.41,Education,103,123459833,20181209,4210653354321803
725,91.19,Entertainment,59,123459833,20180811,4210653354321803
726,76.80,Education,11,123459833,20180913,4210653354321803
727,81.42,Test,175,123459833,20180320,4210653354321803
728,67.55,Education,1,123459833,20180701,4210653354321803
729,41.08,Bills,9,123459833,20181201,4210653354321803
730,86.29,Grocery,45,123459833,20180305,4210653354321803
731,57.70,Grocery,85,123459833,20180412,4210653354321803
732,7.40,Grocery,29,123459833,20180727,4210653354321803
733,81.16,Gas,166,123459833,20180609,4210653354321803
734,93.20,Healthcare,37,123459833,20181113,4210653354321803
735,52.37,Education,39,123459833,20180425,4210653354321803
736,42.87,Gas,48,123459833,20180919,4210653354321803
737,16.29,Education,135,123459833,20180623,4210653354321803
738,94.45,Entertainment,136,123459833,20180419,4210653354321803
739,80.27,Grocery,63,123459833,20180222,4210653354321803
740,46.03,Healthcare,20,123459833,20180503,4210653354321803
741,1.09,Grocery,37,123459833,20180804,4210653354321803
742,2.55,Education,166,123459833,20180709,4210653354321803
743,87.30,Gas,9,123459833,20181115,4210653354321803
744,38.00,Bills,123,123459833,20181220,4210653354321803
745,99.31,Grocery,66,123459833,20180501,4210653354321803
746,99.25,Gas,111,123459833,20181011,4210653354321803
747,100.58,Gas,170,123459833,20181211,4210653354321803
748,58.04,Test,60,123459833,20180708,4210653354321803
749,74.54,Test,9,123459833,20181218,4210653354321803
750,36.04,Grocery,104,123459833,20181208,4210653354321803
751,32.26,Gas,56,123459833,20180805,4210653354321803
752,51.46,Grocery,77,123459833,20180401,4210653354321803
753,82.20,Education,136,123459833,20181204,4210653354321803
754,18.21,Grocery,73,123459833,20181206,4210653354321803
755,44.06,Gas,136,123459833,20181223,4210653354321803
756,82.81,Entertainment,59,123459833,20180328,4210653354321803
757,7.37,Entertainment,15,123459833,20180316,4210653354321803
758,84.97,Bills,18,123459833,20180922,4210653354321803
759,74.36,Gas,126,123459833,20180116,4210653354321803
760,10.34,Healthcare,44,123459833,20180911,4210653354321803
761,87.52,Bills,89,123459833,20180412,4210653354321803
762,56.66,Test,3,123459833,20180915,4210653354321803
763,58.17,Test,38,123459833,20180416,4210653354321803
764,29.64,Education,188,123459833,20180621,4210653354321803
765,82.11,Education,45,123459833,20180427,4210653354321803
766,86.14,Gas,114,123459833,20180615,4210653354321803
767,93.42,Education,126,123459833,20181110,4210653354321803
768,75.68,Bills,118,123459833,20180927,4210653354321803
769,72.98,Healthcare,111,123459833,20180326,4210653354321803
770,5.55,Grocery,36,123459833,20180206,4210653354321803
771,64.25,Bills,123,123459833,20181226,4210653354321803
772,36.98,Gas,50,123459833,20180815,4210653354321803
773,70.36,Healthcare,9,123459833,20180423,4210653354321803
774,32.90,Test,158,123459833,20180612,4210653354321803
775,100.70,Bills,39,123459833,20180707,4210653354321803
776,11.41,Education,123,123459833,20180920,4210653354321803
777,45.45,Bills,121,123459833,20180206,4210653354321803
778,40.15,Healthcare,32,123459833,20180202,4210653354321803
779,57.38,Entertainment,56,123459833,20180917,4210653354321803
780,47.34,Grocery,111,123459833,20180521,4210653354321803
781,57.96,Education,10,123459833,20181206,4210653354321803
782,81.29,Healthcare,30,123459833,20181018,4210653354321803
783,99.76,Entertainment,26,123459833,20180508,4210653354321803
784,32.99,Entertainment,18,123459833,20180703,4210653354321803
785,8.75,Entertainment,75,123459833,20181021,4210653354321803
786,87.08,Education,131,123459833,20180502,4210653354321803
787,69.98,Entertainment,168,123459831,20181118,4210653326588404
788,43.25,Gas,58,123459831,20180209,4210653326588404
789,5.34,Gas,35,123459831,20180422,4210653326588404
790,24.84,Test,15,123459831,20181117,4210653326588404
791,25.41,Healthcare,19,123459831,20180221,4210653326588404
792,12.55,Gas,43,123459831,20180509,4210653326588404
793,58.20,Healthcare,139,123459831,20180220,4210653326588404
794,72.74,Entertainment,21,123459831,20181211,4210653326588404
795,71.16,Education,144,123459831,20180923,4210653326588404
796,55.52,Bills,52,123459831,20181007,4210653326588404
797,67.57,Healthcare,58,123459831,20180508,4210653326588404
798,55.35,Education,32,123459831,20181005,4210653326588404
799,87.32,Healthcare,115,123459831,20180722,4210653326588404
800,79.24,Entertainment,89,123459831,20180316,4210653326588404
801,58.01,Gas,105,123459831,20180506,4210653326588404
802,66.77,Bills,188,123459831,20180711,4210653326588404
803,26.65,Grocery,29,123459831,20180404,4210653326588404
804,69.51,Education,188,123459831,20180405,4210653326588404
805,82.62,Healthcare,20,123459831,20180618,4210653326588404
806,99.03,Education,17,123459831,20180217,4210653326588404
807,12.21,Entertainment,19,123459831,20180325,4210653326588404
808,75.99,Bills,63,123459831,20181020,4210653326588404
809,88.53,Healthcare,93,123459831,20180105,4210653326588404
810,1.66,Education,115,123459831,20180222,4210653326588404
811,63.92,Grocery,131,123459831,20180802,4210653326588404
812,64.82,Entertainment,37,123459831,20180520,4210653326588404
813,36.17,Grocery,52,123459831,20180911,4210653326588404
814,82.16,Entertainment,79,123459831,20180109,4210653326588404
815,8.34,Bills,43,123459831,20180302,4210653326588404
816,52.32,Healthcare,39,123459831,20180202,4210653326588404
817,99.83,Bills,104,123459831,20180920,4210653326588404
818,56.09,Test,23,123459831,20180107,4210653326588404
819,30.86,Gas,20,123459831,20180726,4210653326588404
820,100.13,Entertainment,28,123459831,20180427,4210653326588404
821,14.52,Test,51,123459831,20180108,4210653326588404
822,29.63,Entertainment,173,123459831,20180514,4210653326588404
823,18.75,Gas,118,123459831,20180104,4210653326588404
824,55.19,Grocery,114,123459831,20180119,4210653326588404
825,5.06,Gas,114,123459831,20180926,4210653326588404
826,27.79,Bills,23,123459831,20181003,4210653326588404
827,12.98,Education,19,123459831,20180127,4210653326588404
828,7.70,Gas,99,123459831,20180509,4210653326588404
829,37.12,Education,5,123459831,20180413,4210653326588404
830,72.10,Healthcare,27,123459831,20180717,4210653326588404
831,64.61,Test,50,123459831,20180127,4210653326588404
832,33.82,Education,11,123459831,20181122,4210653326588404
833,95.34,Bills,23,123459831,20180914,4210653326588404
834,42.24,Gas,21,123459831,20180809,4210653326588404
835,53.78,Education,59,123459831,20180106,4210653326588404
836,15.73,Education,126,123459831,20181003,4210653326588404
837,2.15,Grocery,79,123459831,20180917,4210653326588404
838,3.86,Test,42,123459831,20180624,4210653326588404
839,1.66,Entertainment,72,123459831,20180711,4210653326588404
840,67.24,Entertainment,158,123459831,20180716,4210653326588404
841,40.23,Test,90,123459831,20181218,4210653326588404
842,70.85,Healthcare,46,123459831,20181128,4210653326588404
843,94.57,Healthcare,20,123459831,20180414,4210653326588404
844,48.18,Gas,54,123459831,20180223,4210653326588404
845,14.43,Gas,166,123459831,20180106,4210653326588404
846,72.98,Education,111,123459831,20180628,4210653326588404
847,4.23,Grocery,25,123459831,20180507,4210653326588404
848,35.58,Education,77,123459831,20180907,4210653326588404
849,64.55,Gas,136,123459831,20180114,4210653326588404
850,15.96,Entertainment,93,123459831,20180404,4210653326588404
851,45.70,Grocery,14,123459831,20180626,4210653326588404
852,91.81,Healthcare,145,123459831,20180503,4210653326588404
853,29.93,Entertainment,95,123459831,20181103,4210653326588404
854,43.80,Test,180,123459831,20180414,4210653326588404
855,44.12,Test,77,123459831,20180424,4210653326588404
856,64.56,Gas,67,123459831,20180125,4210653326588404
857,84.32,Gas,45,123459831,20180606,4210653326588404
858,48.67,Healthcare,44,123459831,20181223,4210653326588404
859,5.22,Education,63,123459831,20180527,4210653326588404
860,73.65,Education,90,123459829,20180903,4210653322829279
861,63.59,Gas,2,123459829,20180218,4210653322829279
862,49.23,Healthcare,3,123459829,20180213,4210653322829279
863,47.68,Entertainment,70,123459829,20180408,4210653322829279
864,34.83,Education,114,123459829,20180427,4210653322829279
865,27.69,Education,54,123459829,20181116,4210653322829279
866,70.41,Test,180,123459829,20180220,4210653322829279
867,60.66,Gas,124,123459829,20180228,4210653322829279
868,72.57,Healthcare,1,123459829,20180409,4210653322829279
869,6.73,Entertainment,93,123459829,20180504,4210653322829279
870,15.87,Grocery,9,123459829,20180413,4210653322829279
871,35.28,Grocery,45,123459829,20181017,4210653322829279
872,83.75,Entertainment,40,123459829,20180824,4210653322829279
873,76.75,Entertainment,70,123459815,20180101,4210653336223163
874,14.48,Bills,63,123459815,20180411,4210653336223163
875,5.00,Grocery,60,123459815,20181210,4210653336223163
876,34.48,Gas,37,123459815,20180320,4210653336223163
877,72.61,Bills,104,123459815,20181221,4210653336223163
878,9.01,Grocery,23,123459815,20180202,4210653336223163
879,28.81,Healthcare,115,123459815,20180523,4210653336223163
880,15.31,Education,158,123459815,20180827,4210653336223163
881,33.30,Test,95,123459815,20180516,4210653336223163
882,98.52,Entertainment,46,123459815,20180824,4210653336223163
883,57.48,Test,12,123459815,20181128,4210653336223163
884,27.34,Education,11,123459815,20180915,4210653336223163
885,83.61,Entertainment,56,123459815,20180823,4210653336223163
886,24.32,Bills,57,123459815,20180222,4210653336223163
887,100.27,Healthcare,25,123459815,20180513,4210653336223163
888,74.09,Entertainment,83,123459815,20180704,4210653336223163
889,74.26,Test,121,123459815,20180618,4210653336223163
890,62.39,Grocery,22,123459815,20180922,4210653336223163
891,97.59,Healthcare,139,123459815,20181114,4210653336223163
892,58.87,Gas,14,123459815,20181104,4210653336223163
893,17.02,Gas,149,123459815,20180312,4210653336223163
894,9.48,Entertainment,7,123459815,20180424,4210653336223163
895,21.61,Entertainment,14,123459815,20180613,4210653336223163
896,95.37,Bills,103,123459815,20181118,4210653336223163
897,26.73,Entertainment,158,123459815,20180927,4210653336223163
898,84.20,Entertainment,63,123459815,20181106,4210653336223163
899,83.17,Grocery,37,123459812,20180504,4210653324163424
900,82.08,Education,47,123459812,20180210,4210653324163424
901,50.80,Education,81,123459812,20180612,4210653324163424
902,38.11,Test,69,123459812,20180917,4210653324163424
903,11.60,Education,66,123459812,20180309,4210653324163424
904,37.27,Grocery,75,123459812,20180709,4210653324163424
905,53.09,Test,73,123459812,20180113,4210653324163424
906,66.26,Gas,56,123459812,20180411,4210653324163424
907,49.31,Entertainment,111,123459812,20180108,4210653324163424
908,78.05,Entertainment,36,123459812,20180319,4210653324163424
909,78.11,Healthcare,14,123459812,20180618,4210653324163424
910,6.54,Healthcare,85,123459812,20180313,4210653324163424
911,73.36,Bills,48,123459812,20180806,4210653324163424
912,1.49,Gas,81,123459812,20180922,4210653324163424
913,70.18,Gas,25,123459812,20181009,4210653324163424
914,73.22,Gas,39,123459812,20181110,4210653324163424
915,13.19,Bills,164,123459812,20181214,4210653324163424
916,78.50,Gas,3,123459812,20180210,4210653324163424
917,25.71,Bills,118,123459812,20180910,4210653324163424
918,87.87,Test,107,123459812,20180410,4210653324163424
919,28.88,Entertainment,9,123459812,20181220,4210653324163424
920,32.34,Bills,136,123459812,20180606,4210653324163424
921,80.93,Grocery,70,123459812,20180322,4210653324163424
922,69.69,Bills,70,123459812,20181025,4210653324163424
923,52.85,Education,118,123459812,20181226,4210653324163424
924,29.53,Entertainment,3,123459812,20180325,4210653324163424
925,38.95,Grocery,56,123459812,20180801,4210653324163424
926,65.17,Grocery,91,123459812,20180710,4210653324163424
927,39.03,Gas,109,123459812,20180122,4210653324163424
928,3.80,Healthcare,18,123459812,20180321,4210653324163424
929,15.24,Bills,29,123459812,20180923,4210653324163424
930,40.72,Entertainment,43,123459812,20180706,4210653324163424
931,56.73,Test,8,123459812,20180402,4210653324163424
932,56.16,Bills,45,123459812,20180905,4210653324163424
933,94.97,Gas,35,123459812,20180503,4210653324163424
934,2.28,Gas,22,123459812,20180920,4210653324163424
935,65.77,Education,66,123459812,20180423,4210653324163424
936,67.08,Test,111,123459812,20180817,4210653324163424
937,21.29,Grocery,12,123459812,20180416,4210653324163424
938,46.14,Education,158,123459812,20180526,4210653324163424
939,19.61,Entertainment,28,123459812,20180912,4210653324163424
940,98.13,Education,145,123459812,20180912,4210653324163424
941,70.11,Entertainment,17,123459812,20180209,4210653324163424
942,83.28,Grocery,5,123459812,20181113,4210653324163424
943,67.63,Entertainment,156,123459812,20180901,4210653324163424
944,5.42,Entertainment,100,123459812,20181115,4210653324163424
945,95.01,Test,109,123459812,20180415,4210653324163424
946,1.20,Test,109,123459812,20181111,4210653324163424
947,86.74,Grocery,107,123459812,20180902,4210653324163424
948,1.32,Test,43,123459812,20181124,4210653324163424
949,72.53,Grocery,38,123459812,20181220,4210653324163424
950,31.44,Healthcare,28,123459812,20180617,4210653324163424
951,36.57,Gas,40,123459812,20180927,4210653324163424
952,80.97,Education,26,123459812,20180826,4210653324163424
953,5.01,Education,63,123459812,20180905,4210653324163424
954,34.49,Bills,60,123459812,20180324,4210653324163424
955,49.11,Education,27,123459812,20180804,4210653324163424
956,52.49,Entertainment,170,123459812,20181113,4210653324163424
957,71.85,Gas,180,123459812,20180825,4210653324163424
958,45.77,Healthcare,52,123459812,20180305,4210653324163424
959,40.53,Entertainment,156,123459812,20181101,4210653324163424
960,64.65,Gas,46,123459812,20180311,4210653324163424
961,52.59,Grocery,24,123459812,20181022,4210653324163424
962,41.82,Test,136,123459812,20180310,4210653324163424
963,49.38,Entertainment,9,123459812,20181228,4210653324163424
964,52.49,Gas,40,123459810,20180325,4210653339714399
965,93.93,Healthcare,52,123459810,20180716,4210653339714399
966,86.71,Entertainment,158,123459810,20180914,4210653339714399
967,71.31,Bills,46,123459810,20180111,4210653339714399
968,100.63,Education,35,123459810,20180911,4210653339714399
969,15.07,Healthcare,149,123459810,20180825,4210653339714399
970,55.02,Education,25,123459810,20180913,4210653339714399
971,49.95,Healthcare,18,123459810,20181110,4210653339714399
972,79.85,Entertainment,78,123459810,20180503,4210653339714399
973,40.44,Education,67,123459810,20180501,4210653339714399
974,25.38,Grocery,117,123459810,20180503,4210653339714399
975,97.34,Bills,53,123459810,20181103,4210653339714399
976,94.16,Entertainment,168,123459810,20180311,4210653339714399
977,13.76,Grocery,83,123459810,20180909,4210653339714399
978,40.30,Education,178,123459810,20180213,4210653339714399
979,95.47,Bills,85,123459810,20180914,4210653339714399
980,17.42,Healthcare,37,123459810,20180608,4210653339714399
981,92.71,Bills,117,123459810,20180702,4210653339714399
982,70.72,Entertainment,37,123459810,20180305,4210653339714399
983,42.71,Grocery,38,123459810,20181026,4210653339714399
984,48.45,Education,93,123459810,20180628,4210653339714399
985,73.85,Test,48,123459810,20180310,4210653339714399
986,80.69,Entertainment,37,123459810,20180211,4210653339714399
987,3.73,Education,2,123459810,20180223,4210653339714399
988,69.97,Bills,119,123459810,20180616,4210653339714399
989,72.89,Test,123,123459810,20180205,4210653339714399
990,18.69,Healthcare,74,123459810,20180824,4210653339714399
991,58.30,Gas,118,123459810,20181014,4210653339714399
992,100.39,Education,54,123459810,20180610,4210653339714399
993,81.54,Entertainment,89,123459810,20180424,4210653339714399
994,70.40,Grocery,170,123459810,20181108,4210653339714399
995,4.26,Entertainment,93,123459810,20180112,4210653339714399
996,14.38,Gas,40,123459810,20180327,4210653339714399
997,32.62,Entertainment,23,123459810,20181020,4210653339714399
998,20.95,Education,95,123459810,20180704,4210653339714399
999,70.18,Test,2,123459810,20180410,4210653339714399
1000,30.50,Gas,52,123459810,20180825,4210653339714399
